,,,,,,,,,,,,,,,,,,,,,,,
,,,,,,Setosa = 0,,Learning Rate,,0.1,,,,,,,,,,,,,
,,,,,,Versicolor = 1,,Bobot bias,,,,,dot product,Sigmoid,Prediksi,error,Sum Square Error,,,,,,
EPOCH,No,X1,X2,X3,X4,TARGET,,bias,teta1,teta2,teta 3,teta4,z,g(z),,,,,dbias,dteta1,dteta2,dteta3,dteta4
epoch1,1,5.1,3.5,1.4,0.2,0,,0.5,0.5,0.5,0.5,0.5,5.6,0.9963157601,1,0.9963157601,0.9926450938,,0.007314285321,0.03730285514,0.02559999862,0.01023999945,0.001462857064
,2,4.9,3,1.4,0.2,0,,0.4992685715,0.4962697145,0.4974400001,0.4989760001,0.4998537143,5.221847316,0.9946316257,1,0.9946316257,0.9892920708,,0.01062178028,0.05204672337,0.03186534084,0.01487049239,0.002124356056
,3,4.7,3.2,1.3,0.2,0,,0.4982063934,0.4910650421,0.4942534661,0.4974889508,0.4996412787,5.134487075,0.9941444179,1,0.9941444179,0.9883231236,,0.01157441438,0.05439974758,0.03703812601,0.01504673869,0.002314882876
,4,4.6,3.1,1.5,0.2,0,,0.497048952,0.4856250674,0.4905496535,0.4959842769,0.4994097904,5.095486561,0.993912953,1,0.993912953,0.9878629582,,0.01202633649,0.05532114786,0.03728164312,0.01803950474,0.002405267298
,5,5,3.6,1.4,0.2,0,,0.4958463184,0.4800929526,0.4868214891,0.4941803265,0.4991692637,5.440554752,0.9956816524,1,0.9956816524,0.9913819529,,0.008562263748,0.04281131874,0.03082414949,0.01198716925,0.00171245275
,6,5.4,3.9,1.7,0.4,0,,0.494990092,0.4758118207,0.4837390742,0.4929816095,0.4989980184,5.988624257,0.9974991591,1,0.9974991591,0.9950045723,,0.004976696328,0.02687416017,0.01940911568,0.008460383757,0.001990678531
,7,4.6,3.4,1.4,0.3,0,,0.4944924223,0.4731244047,0.4817981626,0.4921355712,0.4987989505,5.147607922,0.9942203051,1,0.9942203051,0.9884740151,,0.01142615644,0.05256031963,0.0388489319,0.01599661902,0.003427846932
,8,5,3.4,1.5,0.2,0,,0.4933498067,0.4678683728,0.4779132694,0.4905359093,0.4984561658,5.293091884,0.9949989405,1,0.9949989405,0.9900228916,,0.009902326762,0.04951163381,0.03366791099,0.01485349014,0.001980465352
,9,4.4,2.9,1.4,0.2,0,,0.492359574,0.4629172094,0.4745464783,0.4890505603,0.4982581193,4.689702491,0.9908942568,1,0.9908942568,0.9818714282,,0.01788133815,0.07867788784,0.05185588062,0.0250338734,0.003576267629
,10,4.9,3.1,1.5,0.1,0,,0.4905714402,0.4550494206,0.4693608903,0.4865471729,0.4979004926,4.95494317,0.9930008525,1,0.9930008525,0.9860506931,,0.01380302845,0.06763483939,0.04278938819,0.02070454267,0.001380302845
,11,5.4,3.7,1.5,0.2,0,,0.4891911374,0.4482859366,0.4650819515,0.4844767186,0.4977624623,5.457005986,0.995751814,1,0.995751814,0.9915216752,,0.00842433691,0.04549141931,0.03117004657,0.01263650536,0.001684867382
,12,4.8,3.4,1.6,0.2,0,,0.4883487037,0.4437367947,0.4619649468,0.4832130681,0.4975939755,5.061625842,0.9937046317,1,0.9937046317,0.9874488951,,0.01243270891,0.05967700277,0.04227121029,0.01989233426,0.002486541782
,13,4.8,3,1.4,0.1,0,,0.4871054328,0.4377690944,0.4577378258,0.4812238347,0.4973453214,4.685058464,0.9908522589,1,0.9908522589,0.9817881989,,0.01796228855,0.08621898504,0.05388686565,0.02514720397,0.001796228855
,14,4.3,3,1.1,0.1,0,,0.4853092039,0.4291471959,0.4523491392,0.4787091143,0.4971656985,4.26398616,0.9861289906,1,0.9861289906,0.9724503861,,0.02697773692,0.1160042688,0.08093321076,0.02967551061,0.002697773692
,15,5.8,4,1.2,0.2,0,,0.4826114302,0.4175467691,0.4442558181,0.4757415632,0.4968959211,5.351675023,0.9952821591,1,0.9952821591,0.9905865763,,0.009346859655,0.054211786,0.03738743862,0.01121623159,0.001869371931
,16,5.7,4.4,1.5,0.4,0,,0.4816767443,0.4121255905,0.4405170743,0.4746199401,0.4967089839,5.67968124,0.9965969734,1,0.9965969734,0.9932055274,,0.006759809634,0.03853091492,0.02974316239,0.01013971445,0.002703923854
,17,5.4,3.9,1.3,0.4,0,,0.4810007633,0.408272499,0.437542758,0.4736059686,0.4964385915,5.20635221,0.9945482514,1,0.9945482514,0.9891262243,,0.01078493506,0.05823864934,0.04206124675,0.01402041558,0.004313974025
,18,5.1,3.5,1.4,0.3,0,,0.4799222698,0.402448634,0.4333366334,0.4722039271,0.4960071941,4.858976176,0.9923013066,1,0.9923013066,0.9846618832,,0.01516121981,0.07732222104,0.05306426934,0.02122570774,0.004548365943
,19,5.7,3.8,1.7,0.3,0,,0.4784061478,0.3947164119,0.4280302064,0.4700813563,0.4955523575,5.302608493,0.9950460732,1,0.9950460732,0.9901166879,,0.009809931118,0.05591660737,0.03727773825,0.0166768829,0.002942979336
,20,5.1,3.8,1.5,0.3,0,,0.4774251547,0.3891247512,0.4243024326,0.468413668,0.4952580596,4.92550855,0.9927932801,1,0.9927932801,0.9856384969,,0.01420644122,0.07245285021,0.05398447663,0.02130966183,0.004261932365
,21,5.4,3.4,1.7,0.2,0,,0.4760045106,0.3818794662,0.4189039849,0.4662827018,0.4948318664,4.854074143,0.9922637674,1,0.9922637674,0.9845873841,,0.01523399402,0.08226356768,0.05179557965,0.02589778983,0.003046798803
,22,5.1,3.7,1.5,0.4,0,,0.4744811112,0.3736531094,0.413724427,0.4636929228,0.4945271865,4.804242608,0.9918717052,1,0.9918717052,0.9838094795,,0.01599338698,0.08156627361,0.05917553184,0.02399008047,0.006397354793
,23,4.6,3.6,1,0.2,0,,0.4728817725,0.365496482,0.4078068738,0.4612939148,0.493887451,4.18234174,0.9849667244,1,0.9849667244,0.9701594482,,0.02916934873,0.1341790042,0.1050096554,0.02916934873,0.005833869746
,24,5.1,3.3,1.7,0.5,0,,0.4699648376,0.3520785816,0.3973059082,0.4583769799,0.493304064,4.602567999,0.9900734682,1,0.9900734682,0.9802454724,,0.0194608757,0.09925046606,0.06422088981,0.03308348869,0.009730437849
,25,4.8,3.4,1.9,0.2,0,,0.46801875,0.342153535,0.3908838193,0.455068631,0.4923310202,4.402457307,0.9879009716,1,0.9879009716,0.9759483296,,0.02361605319,0.1133570553,0.08029458083,0.04487050105,0.004723210637
,26,5,3,1.6,0.2,0,,0.4656571447,0.3308178295,0.3828543612,0.4505815809,0.4918586992,4.087611645,0.9834976369,1,0.9834976369,0.9672676017,,0.0319244024,0.159622012,0.09577320719,0.05107904383,0.006384880479
,27,5,3.4,1.6,0.4,0,,0.4624647045,0.3148556283,0.3732770405,0.4454736766,0.4912202111,4.21513075,0.9854445986,1,0.9854445986,0.9711010568,,0.02826953145,0.1413476572,0.09611640693,0.04523125032,0.01130781258
,28,5.2,3.5,1.5,0.2,0,,0.4596377513,0.3007208626,0.3636653998,0.4409505515,0.4900894299,4.055658849,0.9829709498,1,0.9829709498,0.9662318882,,0.03290802256,0.1711217173,0.115178079,0.04936203385,0.006581604513
,29,5.2,3.4,1.4,0.2,0,,0.4563469491,0.2836086908,0.3521475919,0.4360143481,0.4894312694,3.836720295,0.9788909894,1,0.9788909894,0.9582275691,,0.04045447184,0.2103632536,0.1375452043,0.05663626058,0.008090894368
,30,4.7,3.2,1.6,0.2,0,,0.4523015019,0.2625723655,0.3383930714,0.4303507221,0.48862218,3.55553504,0.9722272713,1,0.9722272713,0.9452258671,,0.05250300306,0.2467641144,0.1680096098,0.0840048049,0.01050060061
,31,4.8,3.1,1.6,0.2,0,,0.4470512016,0.237895954,0.3215921105,0.4219502416,0.4875721199,3.358522134,0.9663827982,1,0.9663827982,0.9338957127,,0.0627899212,0.3013916218,0.1946487557,0.1004638739,0.01255798424
,32,5.4,3.4,1.5,0.4,0,,0.4407722095,0.2077567919,0.3021272349,0.4119038542,0.4863163215,3.402273794,0.9677755215,1,0.9677755215,0.9365894599,,0.06036221392,0.3259559551,0.2052315273,0.09054332087,0.02414488557
,33,5.2,4.1,1.5,0.1,0,,0.4347359881,0.1751611963,0.2816040822,0.4028495221,0.4839018329,3.152815412,0.9590195137,1,0.9590195137,0.9197184276,,0.0753810169,0.3919812879,0.3090621693,0.1130715254,0.00753810169
,34,5.5,4.2,1.4,0.2,0,,0.4271978864,0.1359630676,0.2506978652,0.3915423696,0.4831480228,2.872714714,0.9464810278,1,0.9464810278,0.8958263359,,0.09588740958,0.5273807527,0.4027271202,0.1342423734,0.01917748192
,35,4.9,3.1,1.5,0.1,0,,0.4176091454,0.08322499229,0.2104251532,0.3781181322,0.4812302746,2.093029808,0.8902238649,1,0.8902238649,0.7924985297,,0.1739948513,0.8525747712,0.5393840389,0.2609922769,0.01739948513
,36,5,3.2,1.2,0.2,0,,0.4002096603,-0.002032484834,0.1564867493,0.3520189045,0.4794903261,1.409125585,0.8036279887,1,0.8036279887,0.6458179443,,0.2536411373,1.268205686,0.8116516392,0.3043693647,0.05072822745
,37,5.5,3.5,1.3,0.2,0,,0.3748455466,-0.1288530535,0.07532158538,0.3215819681,0.4744175033,0.4427193605,0.6089068088,1,0.6089068088,0.3707675018,,0.290009291,1.5950511,1.015032518,0.3770120782,0.05800185819
,38,4.9,3.1,1.5,0.1,0,,0.3458446175,-0.2883581635,-0.02618166645,0.2838807603,0.4686173175,-0.6755906775,0.3372461271,0,0.3372461271,0.1137349503,,0.1507565575,0.7387071319,0.4673453284,0.2261348363,0.01507565575
,39,4.4,3,1.3,0.2,0,,0.3307689617,-0.3622288767,-0.07291619928,0.2612672766,0.4671097519,-1.048717284,0.2594714937,0,0.2594714937,0.06732545602,,0.09971283877,0.4387364906,0.2991385163,0.1296266904,0.01994256775
,40,5.1,3.4,1.5,0.2,0,,0.3207976779,-0.4061025257,-0.1028300509,0.2483046076,0.4651154951,-1.634467366,0.1632192956,0,0.1632192956,0.02664053845,,0.04458457705,0.227381343,0.151587562,0.06687686558,0.008916915411
,41,7,3.2,4.7,1.4,1,,0.3163392202,-0.42884066,-0.1179888071,0.241616921,0.4642238036,-1.277596729,0.2179595912,0,-0.7820404088,0.6115872011,,-0.2666025926,-1.866218148,-0.8531282963,-1.253032185,-0.3732436296
,42,6.4,3.2,4.5,1.5,1,,0.3429994794,-0.2422188452,-0.03267597748,0.3669201395,0.5015481666,1.09169862,0.7487014478,1,-0.2512985522,0.06315096232,,-0.09456243384,-0.6051995766,-0.3025997883,-0.4255309523,-0.1418436508
,43,6.9,3.1,4.9,1.5,1,,0.3524557228,-0.1816988876,-0.002415998653,0.4094732348,0.5157325316,1.871261451,0.8666041704,1,-0.1333958296,0.01779444737,,-0.03084148459,-0.2128062437,-0.09560860224,-0.1511232745,-0.04626222689
,44,5.5,2.3,4,1.3,1,,0.3555398713,-0.1604182632,0.007144861571,0.4245855622,0.5203587543,1.864481235,0.8658184179,1,-0.1341815821,0.01800469696,,-0.03117759648,-0.1714767807,-0.07170847191,-0.1247103859,-0.04053087543
,45,6.5,2.8,4.6,1.5,1,,0.3586576309,-0.1432705851,0.01431570876,0.4370566008,0.5244118419,2.264560939,0.9058991527,1,-0.09410084729,0.00885496946,,-0.01604341866,-0.1042822213,-0.04492157225,-0.07379972585,-0.02406512799
,46,5.7,2.8,4.5,1.3,1,,0.3602619728,-0.132842363,0.01880786599,0.4444365734,0.5268183547,2.34055097,0.912180232,1,-0.08781976801,0.007712311653,,-0.01407003647,-0.08019920786,-0.03939610211,-0.0633151641,-0.01829104741
,47,6.3,3.3,4.7,1.6,1,,0.3616689764,-0.1248224422,0.0227474762,0.4507680898,0.5286474594,2.614800219,0.9318080439,1,-0.06819195614,0.004650142883,,-0.008666081087,-0.05459631084,-0.02859806759,-0.04073058111,-0.01386572974
,48,4.9,2.4,3.3,1,1,,0.3625355845,-0.1193628111,0.02560728296,0.4548411479,0.5300340324,1.87012511,0.866472753,1,-0.133527247,0.01782952568,,-0.03089759641,-0.1513982224,-0.07415423138,-0.1019620681,-0.03089759641
,49,6.6,2.9,4.6,1.3,1,,0.3656253442,-0.1042229889,0.03302270609,0.4650373547,0.533123792,2.605752227,0.9312308669,1,-0.06876913308,0.004729193665,,-0.008807942233,-0.05813241874,-0.02554303248,-0.04051653427,-0.0114503249
,50,5.2,2.7,3.9,1.4,1,,0.3665061384,-0.09840974701,0.03557700934,0.4690890082,0.5342688245,2.528256865,0.9260991427,1,-0.07390085733,0.005461336714,,-0.0101154785,-0.05260048819,-0.02731179194,-0.03945036614,-0.0141616699
,51,5,2,3.5,1,1,,0.3675176862,-0.09314969819,0.03830818854,0.4730340448,0.5356849915,2.169689721,0.8974944249,1,-0.1025055751,0.01050739292,,-0.01886065313,-0.09430326566,-0.03772130626,-0.06601228596,-0.01886065313
,52,5.9,3,4.2,1.5,1,,0.3694037516,-0.08371937162,0.04208031916,0.4796352734,0.5375710568,2.82252515,0.9438809728,1,-0.05611902717,0.00314934521,,-0.005945214042,-0.03507676285,-0.01783564213,-0.02496989898,-0.008917821063
,53,6,2.2,4,1,1,,0.369998273,-0.08021169534,0.04386388338,0.4821322633,0.5384628389,2.452220536,0.9207236828,1,-0.07927631722,0.006284734473,,-0.01157300774,-0.06943804643,-0.02546061702,-0.04629203095,-0.01157300774
,54,6.1,2.9,4.7,1.4,1,,0.3711555737,-0.0732678907,0.04640994508,0.4867614664,0.5396201397,3.102057369,0.9569775298,1,-0.04302247023,0.001850932944,,-0.003542602474,-0.02160987509,-0.01027354717,-0.01665023163,-0.004959643463
,55,5.6,2.9,3.6,1.3,1,,0.371509834,-0.07110690319,0.04743729979,0.4884264895,0.540116104,2.571365643,0.92899583,1,-0.07100416995,0.005041592151,,-0.00936723617,-0.05245652255,-0.02716498489,-0.03372205021,-0.01217740702
,56,6.7,3.1,4.4,1.4,1,,0.3724465576,-0.06586125093,0.05015379828,0.4917986946,0.5413338447,3.00843459,0.9529537221,1,-0.04704627786,0.00221335226,,-0.00421844455,-0.02826357848,-0.0130771781,-0.01856115602,-0.00590582237
,57,5.6,3,4.5,1.5,1,,0.372868402,-0.06303489308,0.05146151609,0.4936548102,0.541924427,3.208590835,0.9611562887,1,-0.03884371128,0.001508833906,,-0.002900450395,-0.01624252221,-0.008701351184,-0.01305202678,-0.004350675592
,58,5.8,2.7,4.1,1,1,,0.3731584471,-0.06141064086,0.05233165121,0.4949600128,0.5423594945,2.729967736,0.9387719827,1,-0.06122801733,0.003748870106,,-0.007038668444,-0.04082427698,-0.0190044048,-0.02885854062,-0.007038668444
,59,6.2,2.2,4.5,1.5,1,,0.3738623139,-0.05732821317,0.05423209169,0.4978458669,0.5430633614,3.192639437,0.9605563447,1,-0.03944365529,0.001555801943,,-0.002988870854,-0.0185309993,-0.006575515879,-0.01344991884,-0.004483306281
,60,5.6,2.5,3.9,1.1,1,,0.374161201,-0.05547511324,0.05488964328,0.4991908588,0.543511692,2.745431886,0.9396548408,1,-0.06034515917,0.003641538235,,-0.006843578061,-0.03832403714,-0.01710894515,-0.02668995444,-0.007527935867
,61,5.9,3.2,4.8,1.8,1,,0.3748455588,-0.05164270952,0.0566005378,0.5018598542,0.5442644856,3.639878668,0.9744161871,1,-0.02558381286,0.0006545314804,,-0.001275572139,-0.00752587562,-0.004081830845,-0.006122746267,-0.00229602985
,62,6.1,2.8,4,1.3,1,,0.374973116,-0.05089012196,0.05700872088,0.5024721288,0.5444940886,2.941898621,0.949879195,1,-0.05012080504,0.002512095098,,-0.004772373739,-0.02911147981,-0.01336264647,-0.01908949496,-0.006204085861
,63,6.3,2.5,4.9,1.5,1,,0.3754503534,-0.04797897398,0.05834498553,0.5043810783,0.5451144972,3.508184311,0.9709197427,1,-0.02908025728,0.0008456613633,,-0.001642138626,-0.01034547335,-0.004105346566,-0.00804647927,-0.00246320794
,64,6.1,2.8,4.7,1.2,1,,0.3756145673,-0.04694442664,0.05875552018,0.5051857263,0.545360818,3.282574916,0.9638261661,1,-0.03617383388,0.001308546258,,-0.002522422245,-0.0153867757,-0.007062782286,-0.01185538455,-0.003026906694
,65,6.4,2.9,4.3,1.3,1,,0.3758668095,-0.04540574908,0.05946179841,0.5063712647,0.5456635086,3.14446823,0.9586902005,1,-0.04130979951,0.001706499535,,-0.003272008763,-0.02094085608,-0.009488825413,-0.01406963768,-0.004253611392
,66,6.6,3,4.4,1.4,1,,0.3761940104,-0.04331166347,0.06041068095,0.5077782285,0.5460888698,3.270317697,0.9633963766,1,-0.03660362341,0.001339825247,,-0.002581565576,-0.0170383328,-0.007744696727,-0.01135888853,-0.003614191806
,67,6.8,2.8,4.8,1.4,1,,0.3764521669,-0.04160783019,0.06118515063,0.5089141173,0.546450289,3.472655511,0.9698996412,1,-0.03010035881,0.0009060316004,,-0.001757519448,-0.01195113225,-0.004921054455,-0.008436093352,-0.002460527228
,68,6.7,3,5,1.7,1,,0.3766279189,-0.04041271696,0.06167725607,0.5097577267,0.5466963417,3.769066898,0.9774467999,1,-0.02255320012,0.0005086468356,,-0.0009943504434,-0.006662147971,-0.00298305133,-0.004971752217,-0.001690395754
,69,6,2.9,4.5,1.5,1,,0.3767273539,-0.03974650216,0.06197556121,0.5102549019,0.5468653813,3.434422599,0.9687631782,1,-0.0312368218,0.0009757390365,,-0.0018905201,-0.0113431206,-0.00548250829,-0.00850734045,-0.00283578015
,70,5.7,2.6,3.5,1,1,,0.3769164059,-0.0386121901,0.06252381203,0.511105636,0.5471489593,2.655407519,0.9343434988,1,-0.06565650118,0.004310776147,,-0.008055491335,-0.04591630061,-0.02094427747,-0.02819421967,-0.008055491335
,71,5.5,2.4,3.8,1.1,1,,0.3777219551,-0.03402056004,0.06461823978,0.5139250579,0.5479545084,2.90135783,0.9479135185,1,-0.05208648152,0.002713001557,,-0.005143381703,-0.02828859936,-0.01234411609,-0.01954485047,-0.005657719873
,72,5.5,2.4,3.7,1,1,,0.3782362932,-0.03119170011,0.06585265139,0.515879543,0.5485202804,2.822002895,0.9438533028,1,-0.05614669724,0.003152451611,,-0.005950903729,-0.03272997051,-0.01428216895,-0.0220183438,-0.005950903729
,73,5.8,2.7,3.9,1.2,1,,0.3788313836,-0.02791870306,0.06728086828,0.5180813773,0.5491153708,3.078017067,0.955976808,1,-0.04402319202,0.001938041436,,-0.003705445331,-0.02149158292,-0.01000470239,-0.01445123679,-0.004446534398
,74,6,2.7,5.1,1.6,1,,0.3792019281,-0.02576954476,0.06828133852,0.519526501,0.5495600242,3.937825468,0.9808820675,1,-0.01911793249,0.0003654953426,,-0.0007170156545,-0.004302093927,-0.001935942267,-0.003656779838,-0.001147225047
,75,5.4,3,4.5,1.5,1,,0.3792736297,-0.02533933537,0.06847493275,0.519892179,0.5496747467,3.611892943,0.9737091824,1,-0.02629081756,0.0006912070878,,-0.001346069377,-0.007268774634,-0.00403820813,-0.006057312195,-0.002019104065
,76,6,3.4,4.5,1.6,1,,0.3794082366,-0.02461245791,0.06887875356,0.5204979102,0.5498766571,3.687964499,0.9755879749,1,-0.02441202507,0.0005959469681,,-0.001162797392,-0.00697678435,-0.003953511131,-0.005232588262,-0.001860475827
,77,6.7,3.1,4.7,1.5,1,,0.3795245164,-0.02391477947,0.06927410468,0.5210211691,0.5500627047,3.70793877,0.9760591917,1,-0.02394080827,0.0005731623006,,-0.001118880664,-0.007496500446,-0.003468530057,-0.005258739119,-0.001678320995
,78,6.3,2.3,4.4,1.3,1,,0.3796364044,-0.02316512943,0.06962095768,0.521547043,0.5502305368,3.403930979,0.9678271625,1,-0.03217283753,0.001035091475,,-0.00200357929,-0.01262254952,-0.004608232366,-0.008815748875,-0.002604653077
,79,5.6,3,4.1,1.3,1,,0.3798367624,-0.02190287448,0.07008178092,0.5224286179,0.5504910021,3.325021644,0.9652772959,1,-0.03472270408,0.001205666179,,-0.002327604378,-0.01303458452,-0.006982813133,-0.009543177949,-0.003025885691
,80,5.5,2.5,4,1.3,1,,0.3800695228,-0.02059941602,0.07078006223,0.5233829356,0.5507935907,3.253286301,0.9627910219,1,-0.03720897814,0.001384508054,0.4498886551,-0.002665983849,-0.01466291117,-0.006664959623,-0.0106639354,-0.003465779004
epoch 2,1,5.1,3.5,1.4,0.2,0,,0.3803361212,-0.01913312491,0.0714465582,0.5244493292,0.5511401686,1.377277232,0.7985533558,1,0.7985533558,0.6376874621,,0.2569199985,1.310291993,0.8992199949,0.359687998,0.05138399971
,2,4.9,3,1.4,0.2,0,,0.3546441213,-0.1501623242,-0.01847544129,0.4884805294,0.5460017686,0.356495504,0.5881918305,1,0.5881918305,0.3459696294,,0.2849462396,1.396236574,0.8548387188,0.3989247355,0.05698924792
,3,4.7,3.2,1.3,0.2,0,,0.3261494974,-0.2897859816,-0.1039593132,0.4485880558,0.5403028438,-0.6772893768,0.3368665539,0,0.3368665539,0.1134790751,,0.1505035403,0.7073666394,0.4816113289,0.1956546024,0.03010070806
,4,4.6,3.1,1.5,0.2,0,,0.3110991434,-0.3605226455,-0.1521204461,0.4290225956,0.537292773,-1.067885961,0.2558053238,0,0.2558053238,0.06543636369,,0.09739478698,0.4480160201,0.3019238396,0.1460921805,0.0194789574
,5,5,3.6,1.4,0.2,0,,0.3013596647,-0.4053242475,-0.18231283,0.4144133776,0.5353448773,-1.694340057,0.1552059327,0,0.1552059327,0.02408888155,,0.04070028844,0.2035014422,0.1465210384,0.05698040382,0.008140057688
,6,5.4,3.9,1.7,0.4,0,,0.2972896358,-0.4256743917,-0.1969649339,0.4087153372,0.5345308715,-1.8608869,0.13459971,0,0.13459971,0.01811708194,,0.03135705593,0.169328102,0.1222925181,0.05330699509,0.01254282237
,7,4.6,3.4,1.4,0.3,0,,0.2941539302,-0.4426072019,-0.2091941857,0.4033846377,0.5332765893,-1.728377961,0.150795174,0,0.150795174,0.0227391845,,0.03862045043,0.177654072,0.1313095315,0.0540686306,0.01158613513
,8,5,3.4,1.5,0.2,0,,0.2902918852,-0.4603726091,-0.2223251388,0.3979777746,0.5321179757,-2.064086375,0.112636751,0,0.112636751,0.01268703769,,0.02251602196,0.1125801098,0.07655447467,0.03377403294,0.004503204392
,9,4.4,2.9,1.4,0.2,0,,0.288040283,-0.4716306201,-0.2299805863,0.3946003713,0.5316676553,-1.795304095,0.1424236563,0,0.1424236563,0.02028449787,,0.03479101103,0.1530804485,0.100893932,0.04870741544,0.006958202206
,10,4.9,3.1,1.5,0.1,0,,0.2845611819,-0.486938665,-0.2400699795,0.3897296298,0.5309718351,-2.207963585,0.09903763253,0,0.09903763253,0.009808452657,,0.01767409345,0.08660305792,0.05478968971,0.02651114018,0.001767409345
,11,5.4,3.7,1.5,0.2,0,,0.2827937725,-0.4955989708,-0.2455489485,0.3870785158,0.5307950942,-2.615194986,0.06816687619,0,0.06816687619,0.004646723009,,0.008659940834,0.0467636805,0.03204178109,0.01298991125,0.001731988167
,12,4.8,3.4,1.6,0.2,0,,0.2819277785,-0.5002753388,-0.2487531266,0.3857795246,0.5306218953,-2.24178286,0.09606061916,0,0.09606061916,0.009227642554,,0.01668245899,0.08007580317,0.05672036058,0.02669193439,0.003336491799
,13,4.8,3,1.4,0.1,0,,0.2802595326,-0.5082829191,-0.2544251626,0.3831103312,0.5302882462,-2.333390679,0.08839505611,0,0.08839505611,0.007813685945,,0.01424598947,0.06838074948,0.04273796842,0.01994438526,0.001424598947
,14,4.3,3,1.1,0.1,0,,0.2788349336,-0.5151209941,-0.2586989595,0.3811158927,0.5301457863,-2.240040159,0.09621204963,0,0.09621204963,0.009256758494,,0.01673229357,0.07194886236,0.05019688072,0.01840552293,0.001673229357
,15,5.8,4,1.2,0.2,0,,0.2771617042,-0.5223158803,-0.2637186475,0.3792753404,0.5299784633,-3.246018891,0.0374702067,0,0.0374702067,0.00140401639,,0.002702815211,0.01567632822,0.01081126084,0.003243378253,0.0005405630422
,16,5.7,4.4,1.5,0.4,0,,0.2768914227,-0.5238835131,-0.2647997736,0.3789510025,0.529924407,-3.09396734,0.04335678328,0,0.04335678328,0.001879810657,,0.003596616227,0.02050071249,0.0158251114,0.00539492434,0.001438646491
,17,5.4,3.9,1.3,0.4,0,,0.2765317611,-0.5259335844,-0.2663822848,0.3784115101,0.5297805424,-2.898553325,0.05222512373,0,0.05222512373,0.002727463549,,0.005170042855,0.02791823142,0.02016316713,0.006721055711,0.002068017142
,18,5.1,3.5,1.4,0.3,0,,0.2760147568,-0.5287254075,-0.2683986015,0.3777394045,0.5295737407,-2.672172638,0.06463549149,0,0.06463549149,0.00417774676,,0.007815432089,0.03985870366,0.02735401231,0.01094160492,0.002344629627
,19,5.7,3.8,1.7,0.3,0,,0.2752332136,-0.5327112779,-0.2711340027,0.376645244,0.5293392777,-2.992431583,0.04776896253,0,0.04776896253,0.002281873782,,0.004345742077,0.02477072984,0.01651381989,0.00738776153,0.001303722623
,20,5.1,3.8,1.5,0.3,0,,0.2747986394,-0.5351883509,-0.2727853847,0.3759064679,0.5292089054,-2.768624039,0.05904341179,0,0.05904341179,0.003486124475,,0.006560583585,0.03345897628,0.02493021762,0.009840875377,0.001968175075
,21,5.4,3.4,1.7,0.2,0,,0.274142581,-0.5385342485,-0.2752784065,0.3749223804,0.5290120879,-2.826718479,0.05589732087,0,0.05589732087,0.00312451048,,0.005899717431,0.03185847413,0.02005903926,0.01002951963,0.001179943486
,22,5.1,3.7,1.5,0.4,0,,0.2735526093,-0.5417200959,-0.2772843104,0.3739194284,0.5288940936,-2.742735048,0.06049826104,0,0.06049826104,0.003660039589,,0.006877227116,0.03507385829,0.02544574033,0.01031584067,0.002750890847
,23,4.6,3.6,1,0.2,0,,0.2728648866,-0.5452274818,-0.2798288844,0.3728878443,0.5286190045,-2.763953868,0.05930340873,0,0.05930340873,0.003516894287,,0.006616660935,0.0304366403,0.02381997937,0.006616660935,0.001323332187
,24,5.1,3.3,1.7,0.5,0,,0.2722032205,-0.5482711458,-0.2822108824,0.3722261782,0.5284866713,-2.558247696,0.07187434804,0,0.07187434804,0.005165921906,,0.009589249273,0.04890517129,0.0316445226,0.01630172376,0.004794624637
,25,4.8,3.4,1.9,0.2,0,,0.2712442956,-0.5531616629,-0.2853753346,0.3705960059,0.5280072088,-2.544473971,0.07279860719,0,0.07279860719,0.005299637208,,0.009827662002,0.04717277761,0.03341405081,0.0186725578,0.0019655324
,26,5,3,1.6,0.2,0,,0.2702615294,-0.5578789407,-0.2887167397,0.3687287501,0.5278106556,-2.689755262,0.06358058802,0,0.06358058802,0.004042491173,,0.007570934414,0.03785467207,0.02271280324,0.01211349506,0.001514186883
,27,5,3.4,1.6,0.4,0,,0.2695044359,-0.5616644079,-0.29098802,0.3675174006,0.5276592369,-2.729085336,0.06127875655,0,0.06127875655,0.003755086004,,0.007049958006,0.03524979003,0.02396985722,0.01127993281,0.002819983202
,28,5.2,3.5,1.5,0.2,0,,0.2687994401,-0.5651893869,-0.2933850058,0.3663894073,0.5273772386,-3.041973333,0.04556527534,0,0.04556527534,0.002076194317,,0.003963183902,0.02060855629,0.01387114366,0.005944775853,0.0007926367804
,29,5.2,3.4,1.4,0.2,0,,0.2684031217,-0.5672502425,-0.2947721201,0.3657949297,0.5272979749,-3.065950851,0.04453380367,0,0.04453380367,0.00198325967,,0.003789875146,0.01970735076,0.0128855755,0.005305825204,0.0007579750291
,30,4.7,3.2,1.6,0.2,0,,0.2680241342,-0.5692209776,-0.2960606777,0.3652643472,0.5272221774,-2.664841238,0.06508014869,0,0.06508014869,0.004235425754,,0.007919567231,0.03722196599,0.02534261514,0.01267130757,0.001583913446
,31,4.8,3.1,1.6,0.2,0,,0.2672321775,-0.5729431742,-0.2985949392,0.3639972164,0.527063786,-2.720731067,0.06176108982,0,0.06176108982,0.003814432216,,0.007157697451,0.03435694777,0.0221888621,0.01145231592,0.00143153949
,32,5.4,3.4,1.5,0.4,0,,0.2665164078,-0.576378869,-0.3008138254,0.3628519848,0.5269206321,-3.113650261,0.04254769357,0,0.04254769357,0.001810306228,,0.003466563747,0.01871944423,0.01178631674,0.005199845621,0.001386625499
,33,5.2,4.1,1.5,0.1,0,,0.2661697514,-0.5782508134,-0.3019924571,0.3623320003,0.5267819695,-3.382727355,0.03283966023,0,0.03283966023,0.001078443284,,0.002086055146,0.01084748676,0.0085528261,0.00312908272,0.0002086055146
,34,5.5,4.2,1.4,0.2,0,,0.2659611459,-0.5793355621,-0.3028477397,0.362019092,0.526761109,-3.580166002,0.02711533772,0,0.02711533772,0.0007352415398,,0.001430610434,0.007868357388,0.006008563824,0.002002854608,0.0002861220868
,35,4.9,3.1,1.5,0.1,0,,0.2658180848,-0.5801223978,-0.3034485961,0.3618188065,0.5267324968,-2.922070853,0.05107324417,0,0.05107324417,0.00260847627,,0.004950505849,0.02425747866,0.01534656813,0.007425758773,0.0004950505849
,36,5,3.2,1.2,0.2,0,,0.2653230342,-0.5825481457,-0.3049832529,0.3610762307,0.5266829917,-3.084736028,0.04374128825,0,0.04374128825,0.001913300298,,0.003659220156,0.01829610078,0.0117095045,0.004391064187,0.0007318440312
,37,5.5,3.5,1.3,0.2,0,,0.2649571122,-0.5843777557,-0.3061542033,0.3606371242,0.5266098073,-3.446510033,0.03087310824,0,0.03087310824,0.0009531488125,,0.001847444292,0.01016094361,0.006466055022,0.00240167758,0.0003694888584
,38,4.9,3.1,1.5,0.1,0,,0.2647723678,-0.5853938501,-0.3068008088,0.3603969565,0.5265728584,-2.961487285,0.04919639004,0,0.04919639004,0.002420284793,,0.004602431037,0.02255191208,0.01426753622,0.006903646556,0.0004602431037
,39,4.4,3,1.3,0.2,0,,0.2643121247,-0.5876490413,-0.3082275624,0.3597065918,0.5265268341,-2.673102408,0.06457930244,0,0.06457930244,0.004170486304,,0.007802318415,0.03433020102,0.02340695524,0.01014301394,0.001560463683
,40,5.1,3.4,1.5,0.2,0,,0.2635318928,-0.5910820614,-0.310568258,0.3586922904,0.5263707878,-3.163606104,0.0405584947,0,0.0405584947,0.001644991492,,0.003156546227,0.01609838576,0.01073225717,0.00473481934,0.0006313092453
,41,7,3.2,4.7,1.4,1,,0.2632162382,-0.5926919,-0.3116414837,0.3582188085,0.5263076568,-2.46242069,0.0785349797,0,-0.9214650203,0.8490977836,,-0.1333677544,-0.9335742809,-0.4267768141,-0.6268284457,-0.1867148562
,42,6.4,3.2,4.5,1.5,1,,0.2765530137,-0.4993344719,-0.2689638023,0.4209016531,0.5449791424,-1.068345621,0.2557178285,0,-0.7442821715,0.5539559508,,-0.2833128257,-1.813202084,-0.9066010421,-1.274907716,-0.4249692385
,43,6.9,3.1,4.9,1.5,1,,0.3048842962,-0.3180142635,-0.1783036981,0.5483924246,0.5874760663,1.126181394,0.7551335007,1,-0.2448664993,0.0599596025,,-0.09055500906,-0.6248295625,-0.2807205281,-0.4437195444,-0.1358325136
,44,5.5,2.3,4,1.3,1,,0.3139397971,-0.2555313072,-0.1502316453,0.5927643791,0.6010593177,1.715419453,0.8475378916,1,-0.1524621084,0.02324469449,,-0.03940151873,-0.216708353,-0.09062349307,-0.1576060749,-0.05122197434
,45,6.5,2.8,4.6,1.5,1,,0.317879949,-0.2338604719,-0.1411692959,0.6085249866,0.6061815151,2.111000064,0.8919677384,1,-0.1080322616,0.01167096954,,-0.02082025661,-0.1353316679,-0.0582967185,-0.09577318039,-0.03123038491
,46,5.7,2.8,4.5,1.3,1,,0.3199619747,-0.2203273051,-0.1353396241,0.6181023046,0.6093045536,2.258701678,0.9053984856,1,-0.09460151437,0.008949446522,,-0.01620563066,-0.09237209474,-0.04537576584,-0.07292533795,-0.02106731985
,47,6.3,3.3,4.7,1.6,1,,0.3215825377,-0.2110900957,-0.1308020475,0.6253948384,0.6114112856,2.477681976,0.9225623579,1,-0.07743764212,0.005996588416,,-0.0110644535,-0.06970605703,-0.03651269654,-0.05200293144,-0.0177031256
,48,4.9,2.4,3.3,1,1,,0.3226889831,-0.20411949,-0.1271507779,0.6305951315,0.6131815981,1.711487148,0.8470290746,1,-0.1529709254,0.02340010401,,-0.03964113689,-0.1942415707,-0.09513872853,-0.1308157517,-0.03964113689
,49,6.6,2.9,4.6,1.3,1,,0.3266530968,-0.1846953329,-0.117636905,0.6436767067,0.6171457118,2.529719151,0.9261991585,1,-0.0738008415,0.005446564207,,-0.01008920637,-0.06658876204,-0.02925869847,-0.0464103493,-0.01311596828
,50,5.2,2.7,3.9,1.4,1,,0.3276620174,-0.1780364567,-0.1147110352,0.6483177416,0.6184573086,2.486432072,0.9231851672,1,-0.07681483278,0.005900518535,,-0.01089454238,-0.05665162038,-0.02941526443,-0.04248871529,-0.01525235933
,51,5,2,3.5,1,1,,0.3287514716,-0.1723712946,-0.1117695087,0.6525666132,0.6199825446,2.147321672,0.8954182319,1,-0.1045817681,0.01093734623,,-0.01958699844,-0.09793499219,-0.03917399688,-0.06855449453,-0.01958699844
,52,5.9,3,4.2,1.5,1,,0.3307101715,-0.1625777954,-0.107852109,0.6594220626,0.6219412444,2.750429381,0.9399375951,1,-0.06006240492,0.003607492485,,-0.006781635622,-0.04001165017,-0.02034490687,-0.02848286961,-0.01017245343
,53,6,2.2,4,1,1,,0.3313883351,-0.1585766304,-0.1058176183,0.6622703496,0.6229584898,2.41916968,0.9182774557,1,-0.08172254431,0.006678574248,,-0.01226556834,-0.07359341002,-0.02698425034,-0.04906227334,-0.01226556834
,54,6.1,2.9,4.7,1.4,1,,0.3326148919,-0.1512172894,-0.1031191933,0.6671765769,0.6241850466,3.120732743,0.9577398953,1,-0.04226010473,0.001785916452,,-0.003420886871,-0.02086740991,-0.009920571925,-0.01607816829,-0.004789241619
,55,5.6,2.9,3.6,1.3,1,,0.3329569806,-0.1491305484,-0.1021271361,0.6687843937,0.6246639708,2.421344194,0.9184404915,1,-0.08155950851,0.006651953428,,-0.01221884675,-0.06842554181,-0.03543465558,-0.04398784831,-0.01588450078
,56,6.7,3.1,4.4,1.4,1,,0.3341788652,-0.1422879942,-0.09858367056,0.6731831786,0.6262524208,2.9139993,0.9485341494,1,-0.05146585058,0.002648733776,,-0.005024828879,-0.03366635349,-0.01557696952,-0.02210924707,-0.00703476043
,57,5.6,3,4.5,1.5,1,,0.3346813481,-0.1389213589,-0.0970259736,0.6753941033,0.6269558969,3.245351128,0.9625057022,1,-0.0374942978,0.001405822368,,-0.00270622409,-0.01515485491,-0.008118672271,-0.01217800841,-0.004059336136
,58,5.8,2.7,4.1,1,1,,0.3349519705,-0.1374058734,-0.09621410638,0.6766119041,0.6273618305,2.679690455,0.9358175339,1,-0.06418246612,0.004119388957,,-0.00770999283,-0.04471795841,-0.02081698064,-0.0316109706,-0.00770999283
,59,6.2,2.2,4.5,1.5,1,,0.3357229698,-0.1329340775,-0.09413240831,0.6797730012,0.6281328298,3.305618141,0.9646210439,1,-0.0353789561,0.001251670535,,-0.002414775475,-0.01497160795,-0.005312506046,-0.01086648964,-0.003622163213
,60,5.6,2.5,3.9,1.1,1,,0.3359644474,-0.1314369168,-0.09360115771,0.6808596501,0.6284950461,2.712612006,0.9377667604,1,-0.06223323963,0.003872976115,,-0.007263896528,-0.04067782056,-0.01815974132,-0.02832919646,-0.007990286181
,61,5.9,3.2,4.8,1.8,1,,0.336690837,-0.1273691347,-0.09178518358,0.6836925698,0.6292940747,3.705954024,0.9760127691,1,-0.02398723095,0.0005753872486,,-0.001123170604,-0.006626706562,-0.003594145932,-0.005391218898,-0.002021707087
,62,6.1,2.8,4,1.3,1,,0.3368031541,-0.126706464,-0.09142576898,0.6842316917,0.6294962454,2.863173456,0.9459956543,1,-0.0540043457,0.002916469354,,-0.00551793467,-0.03365940149,-0.01545021708,-0.02207173868,-0.007173315071
,63,6.3,2.5,4.9,1.5,1,,0.3373549476,-0.1233405239,-0.08988074728,0.6864388655,0.6302135769,3.644478585,0.9745306099,1,-0.02546939013,0.0006486898333,,-0.001264336198,-0.007965318046,-0.003160840495,-0.006195247369,-0.001896504297
,64,6.1,2.8,4.7,1.2,1,,0.3374813812,-0.1225439921,-0.08956466323,0.6870583903,0.6304032274,3.32484028,0.9652712166,1,-0.03472878339,0.001206088396,,-0.002328404827,-0.01420326944,-0.006519533515,-0.01094350269,-0.002794085792
,65,6.4,2.9,4.3,1.3,1,,0.3377142217,-0.1211236651,-0.08891270987,0.6881527406,0.6306826359,3.083620117,0.9562120117,1,-0.04378798833,0.001917387922,,-0.003666858724,-0.02346789584,-0.0106338903,-0.01576749251,-0.004766916342
,66,6.6,3,4.4,1.4,1,,0.3380809075,-0.1187768756,-0.08784932084,0.6897294898,0.6311593276,3.20903838,0.9611729943,1,-0.0388270057,0.001507536371,,-0.002898006496,-0.01912684287,-0.008694019488,-0.01275122858,-0.004057209094
,67,6.8,2.8,4.8,1.4,1,,0.3383707082,-0.1168641913,-0.0869799189,0.6910046127,0.6315650485,3.501163643,0.9707208603,1,-0.02927913971,0.0008572680221,,-0.001664335904,-0.01131748415,-0.004660140531,-0.007988812338,-0.002330070265
,68,6.7,3,5,1.7,1,,0.3385371418,-0.1157324429,-0.08651390484,0.6918034939,0.6317980555,3.836662224,0.9788897894,1,-0.02111021059,0.0004456409911,,-0.0008724668318,-0.005845527773,-0.002617400496,-0.004362334159,-0.001483193614
,69,6,2.9,4.5,1.5,1,,0.3386243885,-0.1151478901,-0.08625216479,0.6922397273,0.6319463749,3.460604105,0.9695458091,1,-0.03045419095,0.0009274577463,,-0.001798425542,-0.01079055325,-0.005215434072,-0.008092914939,-0.002697638313
,70,5.7,2.6,3.5,1,1,,0.338804231,-0.1140688348,-0.08573062139,0.6930490188,0.6322161387,2.523599962,0.9257797933,1,-0.07422020668,0.00550863908,,-0.0101995735,-0.05813756894,-0.02651889109,-0.03569850724,-0.0101995735
,71,5.5,2.4,3.8,1.1,1,,0.3398241884,-0.1082550779,-0.08307873228,0.6966188695,0.6332360961,2.888743713,0.9472871851,1,-0.05271281487,0.002778640852,,-0.005264341742,-0.02895387958,-0.01263442018,-0.02000449862,-0.005790775916
,72,5.5,2.4,3.7,1,1,,0.3403506225,-0.1053596899,-0.08181529026,0.6986193194,0.6338151736,2.783222287,0.9417624256,1,-0.05823757435,0.003391615066,,-0.006388191264,-0.03513505195,-0.01533165903,-0.02363630768,-0.006388191264
,73,5.8,2.7,3.9,1.2,1,,0.3409894417,-0.1018461847,-0.08028212435,0.7009829502,0.6344539928,3.028698132,0.9538539029,1,-0.04614609706,0.002129462274,,-0.004062391802,-0.02356187245,-0.01096845787,-0.01584332803,-0.004874870162
,74,6,2.7,5.1,1.6,1,,0.3413956808,-0.09948999746,-0.07918527857,0.702567283,0.6349414798,4.129654955,0.9841663101,1,-0.0158336899,0.000250705736,,-0.0004934722782,-0.002960833669,-0.001332375151,-0.002516708619,-0.0007895556451
,75,5.4,3,4.5,1.5,1,,0.3414450281,-0.0991939141,-0.07905204105,0.7028189538,0.6350204354,3.683857714,0.9754899762,1,-0.02451002384,0.0006007412688,,-0.001172034172,-0.006328984529,-0.003516102516,-0.005274153774,-0.001758051258
,76,6,3.4,4.5,1.6,1,,0.3415622315,-0.09856101564,-0.0787004308,0.7033463692,0.6351962405,3.663987319,0.9750103737,1,-0.02498962632,0.0006244814236,,-0.001217751732,-0.007306510394,-0.00414035589,-0.005479882796,-0.001948402772
,77,6.7,3.1,4.7,1.5,1,,0.3416840067,-0.0978303646,-0.07828639521,0.7038943575,0.6353910808,3.70492284,0.9759886153,1,-0.02401138473,0.0005765465967,,-0.001125405829,-0.007540219056,-0.00348875807,-0.005289407397,-0.001688108744
,78,6.3,2.3,4.4,1.3,1,,0.3417965472,-0.0970763427,-0.07793751941,0.7044232982,0.6355598916,3.476649665,0.9700160292,1,-0.02998397078,0.0008990385035,,-0.001744163519,-0.01098823017,-0.004011576093,-0.007674319482,-0.002267412574
,79,5.6,3,4.1,1.3,1,,0.3419709636,-0.09597751968,-0.0775363618,0.7051907302,0.6357866329,3.289692384,0.9640735011,1,-0.03592649887,0.001290713321,,-0.002488685021,-0.01393663612,-0.007466055062,-0.01020360858,-0.003235290527
,80,5.5,2.5,4,1.3,1,,0.3422198321,-0.09458385607,-0.07678975629,0.706211091,0.6361101619,3.281821808,0.9637998996,1,-0.0362001004,0.001310447269,0.03745191423,-0.002526017893,-0.01389309841,-0.006315044733,-0.01010407157,-0.003283823261
,,,,,,,,,,,,,,,,,,,,,,,
,,,,,,,,,,,,,,,,,,,,,,,
,,,,,,,,,,,,,,,,,,,,,,,
,,,,,,,,,,,,,,,,,,,,,,,
,,,,,,,,,,,,,,,,,,,,,,,
,,,,,,,,,,,,,,,,,,,,,,,
,,,,,,,,,,,,,,,,,,,,,,,
,,,,,,,,,,,,,,,,,,,,,,,
,,,,,,,,,,,,,,,,,,,,,,,
,,,,,,,,,,,,,,,,,,,,,,,
,,,,,,,,,,,,,,,,,,,,,,,
,,,,,,,,,,,,,,,,,,,,,,,
,,,,,,,,,,,,,,,,,,,,,,,
,,,,,,,,,,,,,,,,,,,,,,,
,,,,,,,,,,,,,,,,,,,,,,,
,,,,,,,,,,,,,,,,,,,,,,,
,,,,,,,,,,,,,,,,,,,,,,,
,,,,,,,,,,,,,,,,,,,,,,,
,,,,,,,,,,,,,,,,,,,,,,,
,,,,,,,,,,,,,,,,,,,,,,,
epoch 3,,,,,,,,,,,,,,,,,,,,,,,
,,,,,,,,,,,,,,,,,,,,,,,
,,,,,,,,,,,,,,,,,,,,,,,
,,,,,,,,,,,,,,,,,,,,,,,
,,,,,,,,,,,,,,,,,,,,,,,
,,,,,,,,,,,,,,,,,,,,,,,
,,,,,,,,,,,,,,,,,,,,,,,
,,,,,,,,,,,,,,,,,,,,,,,
,,,,,,,,,,,,,,,,,,,,,,,
,,,,,,,,,,,,,,,,,,,,,,,
,,,,,,,,,,,,,,,,,,,,,,,
,,,,,,,,,,,,,,,,,,,,,,,
,,,,,,,,,,,,,,,,,,,,,,,
,,,,,,,,,,,,,,,,,,,,,,,
,,,,,,,,,,,,,,,,,,,,,,,
,,,,,,,,,,,,,,,,,,,,,,,
,,,,,,,,,,,,,,,,,,,,,,,
,,,,,,,,,,,,,,,,,,,,,,,
,,,,,,,,,,,,,,,,,,,,,,,
,,,,,,,,,,,,,,,,,,,,,,,
,,,,,,,,,,,,,,,,,,,,,,,
,,,,,,,,,,,,,,,,,,,,,,,
,,,,,,,,,,,,,,,,,,,,,,,
,,,,,,,,,,,,,,,,,,,,,,,
,,,,,,,,,,,,,,,,,,,,,,,
,,,,,,,,,,,,,,,,,,,,,,,
,,,,,,,,,,,,,,,,,,,,,,,
,,,,,,,,,,,,,,,,,,,,,,,
,,,,,,,,,,,,,,,,,,,,,,,
,,,,,,,,,,,,,,,,,,,,,,,
,,,,,,,,,,,,,,,,,,,,,,,
,,,,,,,,,,,,,,,,,,,,,,,
,,,,,,,,,,,,,,,,,,,,,,,
,,,,,,,,,,,,,,,,,,,,,,,
,,,,,,,,,,,,,,,,,,,,,,,
,,,,,,,,,,,,,,,,,,,,,,,
,,,,,,,,,,,,,,,,,,,,,,,
,,,,,,,,,,,,,,,,,,,,,,,
,,,,,,,,,,,,,,,,,,,,,,,
,,,,,,,,,,,,,,,,,,,,,,,
,,,,,,,,,,,,,,,,,,,,,,,
,,,,,,,,,,,,,,,,,,,,,,,
,,,,,,,,,,,,,,,,,,,,,,,
,,,,,,,,,,,,,,,,,,,,,,,
,,,,,,,,,,,,,,,,,,,,,,,
,,,,,,,,,,,,,,,,,,,,,,,
,,,,,,,,,,,,,,,,,,,,,,,
,,,,,,,,,,,,,,,,,,,,,,,
,,,,,,,,,,,,,,,,,,,,,,,
,,,,,,,,,,,,,,,,,,,,,,,
,,,,,,,,,,,,,,,,,,,,,,,
,,,,,,,,,,,,,,,,,,,,,,,
,,,,,,,,,,,,,,,,,,,,,,,
,,,,,,,,,,,,,,,,,,,,,,,
,,,,,,,,,,,,,,,,,,,,,,,
,,,,,,,,,,,,,,,,,,,,,,,
,,,,,,,,,,,,,,,,,,,,,,,
,,,,,,,,,,,,,,,,,,,,,,,
,,,,,,,,,,,,,,,,,,,,,,,
,,,,,,,,,,,,,,,,,,,,,,,
,,,,,,,,,,,,,,,,,,,,,,,
,,,,,,,,,,,,,,,,,,,,,,,
,,,,,,,,,,,,,,,,,,,,,,,
,,,,,,,,,,,,,,,,,,,,,,,
,,,,,,,,,,,,,,,,,,,,,,,
,,,,,,,,,,,,,,,,,,,,,,,
,,,,,,,,,,,,,,,,,,,,,,,
,,,,,,,,,,,,,,,,,,,,,,,
,,,,,,,,,,,,,,,,,,,,,,,
,,,,,,,,,,,,,,,,,,,,,,,
,,,,,,,,,,,,,,,,,,,,,,,
,,,,,,,,,,,,,,,,,,,,,,,
,,,,,,,,,,,,,,,,,,,,,,,
,,,,,,,,,,,,,,,,,,,,,,,
,,,,,,,,,,,,,,,,,,,,,,,
,,,,,,,,,,,,,,,,,,,,,,,
,,,,,,,,,,,,,,,,,,,,,,,
,,,,,,,,,,,,,,,,,,,,,,,
,,,,,,,,,,,,,,,,,,,,,,,
,,,,,,,,,,,,,,,,,,,,,,,
,,,,,,,,,,,,,,,,,,,,,,,
,,,,,,,,,,,,,,,,,,,,,,,
,,,,,,,,,,,,,,,,,,,,,,,
,,,,,,,,,,,,,,,,,,,,,,,
,,,,,,,,,,,,,,,,,,,,,,,
,,,,,,,,,,,,,,,,,,,,,,,
,,,,,,,,,,,,,,,,,,,,,,,
,,,,,,,,,,,,,,,,,,,,,,,
,,,,,,,,,,,,,,,,,,,,,,,
,,,,,,,,,,,,,,,,,,,,,,,
,,,,,,,,,,,,,,,,,,,,,,,
,,,,,,,,,,,,,,,,,,,,,,,
,,,,,,,,,,,,,,,,,,,,,,,
,,,,,,,,,,,,,,,,,,,,,,,
,,,,,,,,,,,,,,,,,,,,,,,
,,,,,,,,,,,,,,,,,,,,,,,
,,,,,,,,,,,,,,,,,,,,,,,
,,,,,,,,,,,,,,,,,,,,,,,
,,,,,,,,,,,,,,,,,,,,,,,
,,,,,,,,,,,,,,,,,,,,,,,
epoch 4,,,,,,,,,,,,,,,,,,,,,,,
,,,,,,,,,,,,,,,,,,,,,,,
,,,,,,,,,,,,,,,,,,,,,,,
,,,,,,,,,,,,,,,,,,,,,,,
,,,,,,,,,,,,,,,,,,,,,,,
,,,,,,,,,,,,,,,,,,,,,,,
,,,,,,,,,,,,,,,,,,,,,,,
,,,,,,,,,,,,,,,,,,,,,,,
,,,,,,,,,,,,,,,,,,,,,,,
,,,,,,,,,,,,,,,,,,,,,,,
,,,,,,,,,,,,,,,,,,,,,,,
,,,,,,,,,,,,,,,,,,,,,,,
,,,,,,,,,,,,,,,,,,,,,,,
,,,,,,,,,,,,,,,,,,,,,,,
,,,,,,,,,,,,,,,,,,,,,,,
,,,,,,,,,,,,,,,,,,,,,,,
,,,,,,,,,,,,,,,,,,,,,,,
,,,,,,,,,,,,,,,,,,,,,,,
,,,,,,,,,,,,,,,,,,,,,,,
,,,,,,,,,,,,,,,,,,,,,,,
,,,,,,,,,,,,,,,,,,,,,,,
,,,,,,,,,,,,,,,,,,,,,,,
,,,,,,,,,,,,,,,,,,,,,,,
,,,,,,,,,,,,,,,,,,,,,,,
,,,,,,,,,,,,,,,,,,,,,,,
,,,,,,,,,,,,,,,,,,,,,,,
,,,,,,,,,,,,,,,,,,,,,,,
,,,,,,,,,,,,,,,,,,,,,,,
,,,,,,,,,,,,,,,,,,,,,,,
,,,,,,,,,,,,,,,,,,,,,,,
,,,,,,,,,,,,,,,,,,,,,,,
,,,,,,,,,,,,,,,,,,,,,,,
,,,,,,,,,,,,,,,,,,,,,,,
,,,,,,,,,,,,,,,,,,,,,,,
,,,,,,,,,,,,,,,,,,,,,,,
,,,,,,,,,,,,,,,,,,,,,,,
,,,,,,,,,,,,,,,,,,,,,,,
,,,,,,,,,,,,,,,,,,,,,,,
,,,,,,,,,,,,,,,,,,,,,,,
,,,,,,,,,,,,,,,,,,,,,,,
,,,,,,,,,,,,,,,,,,,,,,,
,,,,,,,,,,,,,,,,,,,,,,,
,,,,,,,,,,,,,,,,,,,,,,,
,,,,,,,,,,,,,,,,,,,,,,,
,,,,,,,,,,,,,,,,,,,,,,,
,,,,,,,,,,,,,,,,,,,,,,,
,,,,,,,,,,,,,,,,,,,,,,,
,,,,,,,,,,,,,,,,,,,,,,,
,,,,,,,,,,,,,,,,,,,,,,,
,,,,,,,,,,,,,,,,,,,,,,,
,,,,,,,,,,,,,,,,,,,,,,,
,,,,,,,,,,,,,,,,,,,,,,,
,,,,,,,,,,,,,,,,,,,,,,,
,,,,,,,,,,,,,,,,,,,,,,,
,,,,,,,,,,,,,,,,,,,,,,,
,,,,,,,,,,,,,,,,,,,,,,,
,,,,,,,,,,,,,,,,,,,,,,,
,,,,,,,,,,,,,,,,,,,,,,,
,,,,,,,,,,,,,,,,,,,,,,,
,,,,,,,,,,,,,,,,,,,,,,,
,,,,,,,,,,,,,,,,,,,,,,,
,,,,,,,,,,,,,,,,,,,,,,,
,,,,,,,,,,,,,,,,,,,,,,,
,,,,,,,,,,,,,,,,,,,,,,,
,,,,,,,,,,,,,,,,,,,,,,,
,,,,,,,,,,,,,,,,,,,,,,,
,,,,,,,,,,,,,,,,,,,,,,,
,,,,,,,,,,,,,,,,,,,,,,,
,,,,,,,,,,,,,,,,,,,,,,,
,,,,,,,,,,,,,,,,,,,,,,,
,,,,,,,,,,,,,,,,,,,,,,,
,,,,,,,,,,,,,,,,,,,,,,,
,,,,,,,,,,,,,,,,,,,,,,,
,,,,,,,,,,,,,,,,,,,,,,,
,,,,,,,,,,,,,,,,,,,,,,,
,,,,,,,,,,,,,,,,,,,,,,,
,,,,,,,,,,,,,,,,,,,,,,,
,,,,,,,,,,,,,,,,,,,,,,,
,,,,,,,,,,,,,,,,,,,,,,,
,,,,,,,,,,,,,,,,,,,,,,,
,,,,,,,,,,,,,,,,,,,,,,,
,,,,,,,,,,,,,,,,,,,,,,,
,,,,,,,,,,,,,,,,,,,,,,,
,,,,,,,,,,,,,,,,,,,,,,,
,,,,,,,,,,,,,,,,,,,,,,,
,,,,,,,,,,,,,,,,,,,,,,,
,,,,,,,,,,,,,,,,,,,,,,,
,,,,,,,,,,,,,,,,,,,,,,,
,,,,,,,,,,,,,,,,,,,,,,,
,,,,,,,,,,,,,,,,,,,,,,,
,,,,,,,,,,,,,,,,,,,,,,,
,,,,,,,,,,,,,,,,,,,,,,,
,,,,,,,,,,,,,,,,,,,,,,,
,,,,,,,,,,,,,,,,,,,,,,,
,,,,,,,,,,,,,,,,,,,,,,,
,,,,,,,,,,,,,,,,,,,,,,,
,,,,,,,,,,,,,,,,,,,,,,,
,,,,,,,,,,,,,,,,,,,,,,,
,,,,,,,,,,,,,,,,,,,,,,,
,,,,,,,,,,,,,,,,,,,,,,,
epoch 5,,,,,,,,,,,,,,,,,,,,,,,